,,list,subject,image,sub_version
List1,0,1,pp75,713593.bmp,1
List1,1,1,pp68,712977.bmp,1
List1,2,1,pp57,1592025.bmp,1
List1,3,1,pp75,498108.bmp,1
List1,4,1,pp154,1159508.bmp,1
List1,5,1,pp63,498326.bmp,1
List1,6,1,pp68,713888.bmp,1
List1,7,1,pp64,285992.bmp,2
List1,8,1,pp63,1592119.bmp,1
List1,9,1,pp154,713450.bmp,1
List1,10,1,pp98,1159486.bmp,1
List1,11,1,pp52,713770.bmp,2
List1,12,1,pp76,1160140.bmp,2
List1,13,1,pp151,285905.bmp,1
List1,14,1,pp51,497950.bmp,1
List1,15,1,pp93,1592568.bmp,1
List1,16,1,pp89,1592530.bmp,2
List1,17,1,pp75,713858.bmp,1
List1,18,1,pp98,1159440.bmp,1
List1,19,1,pp76,713936.bmp,2
List1,20,1,pp57,713633.bmp,1
List1,21,1,pp151,285932.bmp,1
List1,22,1,pp64,1592874.bmp,2
List1,23,1,pp71,285959.bmp,2
List1,24,1,pp76,713920.bmp,2
List1,25,1,pp68,150303.bmp,1
List1,26,1,pp81,713418.bmp,1
List1,27,1,pp63,1159463.bmp,1
List1,28,1,pp51,285807.bmp,1
List1,29,1,pp52,1159819.bmp,2
List1,30,1,pp52,285933.bmp,2
List1,31,1,pp154,1591838.bmp,1
List1,32,1,pp58,1592233.bmp,2
List1,33,1,pp71,1160062.bmp,2
List1,34,1,pp57,1592286.bmp,1
List1,35,1,pp51,107930.bmp,1
List1,36,1,pp98,1159318.bmp,1
List1,37,1,pp58,1159365.bmp,2
List1,38,1,pp63,1592133.bmp,1
List1,39,1,pp81,498280.bmp,1
List1,40,1,pp89,1160189.bmp,2
List1,41,1,pp76,498258.bmp,2
List1,42,1,pp52,1592137.bmp,2
List1,43,1,pp58,1159425.bmp,2
List1,44,1,pp63,498339.bmp,1
List1,45,1,pp151,1159353.bmp,1
List1,46,1,pp81,713788.bmp,1
List1,47,1,pp71,713652.bmp,2
List1,48,1,pp64,1592017.bmp,2
List1,49,1,pp98,497974.bmp,1
List1,50,1,pp151,286066.bmp,1
List1,51,1,pp68,1592836.bmp,1
List1,52,1,pp64,1592857.bmp,2
List1,53,1,pp57,150273.bmp,1
List1,54,1,pp93,498398.bmp,1
List1,55,1,pp71,1592079.bmp,2
List1,56,1,pp154,713174.bmp,1
List1,57,1,pp51,713228.bmp,1
List1,58,1,pp51,1593056.bmp,1
List1,59,1,pp93,713765.bmp,1
List1,60,1,pp75,713760.bmp,1
List1,61,1,pp64,285851.bmp,2
List1,62,1,pp93,713371.bmp,1
List1,63,1,pp81,150432.bmp,1
List1,64,1,pp58,713769.bmp,2
List1,65,1,pp89,1591909.bmp,2
List1,66,1,pp151,1592189.bmp,1
List1,67,1,pp154,713707.bmp,1
List1,68,1,pp89,1593041.bmp,2
List1,69,1,pp68,713786.bmp,1
List2,0,2,pp94,498286.bmp,1
List2,1,2,pp61,1159889.bmp,1
List2,2,2,pp95,1159847.bmp,1
List2,3,2,pp82,713003.bmp,1
List2,4,2,pp53,1592362.bmp,1
List2,5,2,pp53,285859.bmp,1
List2,6,2,pp70,713028.bmp,1
List2,7,2,pp96,713513.bmp,2
List2,8,2,pp70,1591805.bmp,1
List2,9,2,pp79,1159609.bmp,2
List2,10,2,pp54,1591954.bmp,2
List2,11,2,pp95,1592656.bmp,1
List2,12,2,pp90,498155.bmp,2
List2,13,2,pp88,713749.bmp,1
List2,14,2,pp94,1592038.bmp,1
List2,15,2,pp90,1160049.bmp,2
List2,16,2,pp88,1591961.bmp,1
List2,17,2,pp88,713681.bmp,1
List2,18,2,pp62,1592747.bmp,2
List2,19,2,pp96,1160168.bmp,2
List2,20,2,pp94,107909.bmp,1
List2,21,2,pp90,61574.bmp,2
List2,22,2,pp86,498153.bmp,2
List2,23,2,pp152,1592044.bmp,1
List2,24,2,pp86,1592394.bmp,2
List2,25,2,pp95,1159392.bmp,1
List2,26,2,pp96,1159882.bmp,2
List2,27,2,pp82,498372.bmp,1
List2,28,2,pp152,1159874.bmp,1
List2,29,2,pp70,1159434.bmp,1
List2,30,2,pp53,1159897.bmp,1
List2,31,2,pp54,713512.bmp,2
List2,32,2,pp88,1159904.bmp,1
List2,33,2,pp62,498388.bmp,2
List2,34,2,pp94,1593006.bmp,1
List2,35,2,pp86,1159397.bmp,2
List2,36,2,pp95,1592254.bmp,1
List2,37,2,pp99,1159329.bmp,1
List2,38,2,pp96,150374.bmp,2
List2,39,2,pp79,498396.bmp,2
List2,40,2,pp62,1160127.bmp,2
List2,41,2,pp94,1592033.bmp,1
List2,42,2,pp82,150458.bmp,1
List2,43,2,pp79,713142.bmp,2
List2,44,2,pp53,713017.bmp,1
List2,45,2,pp70,1592193.bmp,1
List2,46,2,pp67,61514.bmp,2
List2,47,2,pp61,713146.bmp,1
List2,48,2,pp82,713730.bmp,1
List2,49,2,pp79,1592367.bmp,2
List2,50,2,pp61,1160180.bmp,1
List2,51,2,pp88,498221.bmp,1
List2,52,2,pp61,1591859.bmp,1
List2,53,2,pp54,498253.bmp,2
List2,54,2,pp86,107964.bmp,2
List2,55,2,pp54,1159813.bmp,2
List2,56,2,pp79,1159724.bmp,2
List2,57,2,pp99,1592083.bmp,1
List2,58,2,pp67,1160155.bmp,2
List2,59,2,pp62,713328.bmp,2
List2,60,2,pp53,285715.bmp,1
List2,61,2,pp82,1592352.bmp,1
List2,62,2,pp152,1160093.bmp,1
List2,63,2,pp67,713779.bmp,2
List2,64,2,pp152,1592499.bmp,1
List2,65,2,pp90,498281.bmp,2
List2,66,2,pp67,1160227.bmp,2
List2,67,2,pp95,1592890.bmp,1
List2,68,2,pp99,1159325.bmp,1
List2,69,2,pp99,713135.bmp,1
List3,0,3,pp73,498405.bmp,1
List3,1,3,pp60,1160158.bmp,2
List3,2,3,pp91,285684.bmp,1
List3,3,3,pp55,286058.bmp,1
List3,4,3,pp80,285766.bmp,2
List3,5,3,pp153,713796.bmp,1
List3,6,3,pp153,1592971.bmp,1
List3,7,3,pp92,150496.bmp,2
List3,8,3,pp65,1592519.bmp,1
List3,9,3,pp91,1592727.bmp,1
List3,10,3,pp60,713211.bmp,2
List3,11,3,pp80,1160152.bmp,2
List3,12,3,pp73,1592397.bmp,1
List3,13,3,pp69,1592350.bmp,2
List3,14,3,pp100,1159621.bmp,1
List3,15,3,pp69,498032.bmp,2
List3,16,3,pp97,150296.bmp,2
List3,17,3,pp65,1159293.bmp,1
List3,18,3,pp77,1159446.bmp,1
List3,19,3,pp85,713780.bmp,2
List3,20,3,pp153,1159870.bmp,1
List3,21,3,pp97,1593084.bmp,2
List3,22,3,pp91,713620.bmp,1
List3,23,3,pp91,1159497.bmp,1
List3,24,3,pp85,1592951.bmp,2
List3,25,3,pp59,713640.bmp,1
List3,26,3,pp59,713742.bmp,1
List3,27,3,pp92,713653.bmp,2
List3,28,3,pp100,150384.bmp,1
List3,29,3,pp84,1591994.bmp,1
List3,30,3,pp73,713679.bmp,1
List3,31,3,pp69,498058.bmp,2
List3,32,3,pp80,713718.bmp,2
List3,33,3,pp92,498170.bmp,2
List3,34,3,pp84,1159592.bmp,1
List3,35,3,pp153,498079.bmp,1
List3,36,3,pp92,1592201.bmp,2
List3,37,3,pp84,1159762.bmp,1
List3,38,3,pp92,1159991.bmp,2
List3,39,3,pp55,498039.bmp,1
List3,40,3,pp80,713666.bmp,2
List3,41,3,pp97,1159482.bmp,2
List3,42,3,pp85,1159829.bmp,2
List3,43,3,pp153,713790.bmp,1
List3,44,3,pp56,498092.bmp,2
List3,45,3,pp77,1160019.bmp,1
List3,46,3,pp65,1592817.bmp,1
List3,47,3,pp97,498151.bmp,2
List3,48,3,pp100,1159777.bmp,1
List3,49,3,pp73,498304.bmp,1
List3,50,3,pp56,1592804.bmp,2
List3,51,3,pp77,285610.bmp,1
List3,52,3,pp84,150463.bmp,1
List3,53,3,pp55,713403.bmp,1
List3,54,3,pp55,713089.bmp,1
List3,55,3,pp100,1592289.bmp,1
List3,56,3,pp69,286034.bmp,2
List3,57,3,pp85,1592241.bmp,2
List3,58,3,pp59,1592314.bmp,1
List3,59,3,pp60,497926.bmp,2
List3,60,3,pp69,1159515.bmp,2
List3,61,3,pp56,1592150.bmp,2
List3,62,3,pp65,1592298.bmp,1
List3,63,3,pp60,1591920.bmp,2
List3,64,3,pp84,285751.bmp,1
List3,65,3,pp59,1160171.bmp,1
List3,66,3,pp91,1592027.bmp,1
List3,67,3,pp100,498261.bmp,1
List3,68,3,pp56,498024.bmp,2
List3,69,3,pp77,713274.bmp,1
